{"cameraMode":{"drawMode":0,"name":"Shaded","section":"Shading Mode"},"sceneLighting":true,"audioPlay":false,"sceneViewState":{"m_AlwaysRefresh":false,"showFog":true,"showSkybox":true,"showFlares":true,"showImageEffects":true,"showParticleSystems":true,"showVisualEffectGraphs":true,"m_FxEnabled":true},"in2DMode":false,"pivot":{"x":-6.125817775726318,"y":0.28926342725753786,"z":-1.9543670415878297},"rotation":{"x":-0.34713852405548098,"y":0.27847906947135928,"z":-0.10875099897384644,"w":-0.8889036774635315},"size":7.468716621398926,"orthographic":false}