{"cameraMode":{"drawMode":0,"name":"Shaded","section":"Shading Mode"},"sceneLighting":true,"audioPlay":false,"sceneViewState":{"m_AlwaysRefresh":false,"showFog":true,"showSkybox":true,"showFlares":true,"showImageEffects":true,"showParticleSystems":true,"showVisualEffectGraphs":true,"m_FxEnabled":true},"in2DMode":false,"pivot":{"x":-1.0277724266052247,"y":-0.3800833821296692,"z":-2.5922813415527345},"rotation":{"x":-0.01067392062395811,"y":0.989327073097229,"z":-0.10157269984483719,"w":-0.10396166145801544},"size":14.915552139282227,"orthographic":false}